4.600000000000000000e+01,8.530000000000000000e+02,0.000000000000000000e+00,8.886571832973680785e+01,0.000000000000000000e+00,1.000000000000000000e+00,1.514144969499533602e+02,3.853301088624338511e-01,2.315895994628608179e+00,2.103921416930684352e+00,2.000000000000000000e+00,9.848157417645957423e-01,4.226871875833620312e-02,2.085031755160971997e-04,4.409346287774239086e-03,2.522956885186433684e-01,2.824425923843224668e-04,0.000000000000000000e+00,5.793162436148691086e-01
8.460000000000000000e+02,9.950000000000000000e+02,0.000000000000000000e+00,1.379840316273500775e+02,0.000000000000000000e+00,1.000000000000000000e+00,1.830524057999476213e+02,4.777419626647153028e-01,2.556872094463878753e+00,1.875477504196958023e+00,0.000000000000000000e+00,6.860032711217755041e-01,3.671913316516031700e-02,2.265993160918289707e-04,3.977268754563736963e-03,2.541764879817116629e-01,1.979289749281257444e-04,0.000000000000000000e+00,4.722105636832623077e-01
8.710000000000000000e+02,5.700000000000000000e+01,0.000000000000000000e+00,1.708501214753212309e+02,1.000000000000000000e+00,1.000000000000000000e+00,1.830524057999476213e+02,4.650553116025932243e-01,2.556872094463878753e+00,1.875477504196958023e+00,0.000000000000000000e+00,6.860032711217755041e-01,3.245620927049289173e-02,2.532101266632277815e-04,3.941762213694516639e-03,2.541764879817116629e-01,1.979289749281257444e-04,3.000000000000000000e+00,4.744887998259343931e-01
8.720000000000000000e+02,1.320000000000000000e+02,0.000000000000000000e+00,4.735815978552433592e+01,0.000000000000000000e+00,1.000000000000000000e+00,1.664112779999523752e+02,4.617895537523807326e-01,2.556872094463878753e+00,1.875477504196958023e+00,0.000000000000000000e+00,6.860032711217755041e-01,3.245620927049289173e-02,2.532101266632277815e-04,3.941762213694516639e-03,2.541764879817116629e-01,1.979289749281257444e-04,0.000000000000000000e+00,4.781753599817477607e-01
7.840000000000000000e+02,7.700000000000000000e+02,0.000000000000000000e+00,1.793716145786414415e+02,0.000000000000000000e+00,1.000000000000000000e+00,1.830524057999476213e+02,4.371383993308640692e-01,2.315017639692295237e+00,1.875477504196958023e+00,0.000000000000000000e+00,6.860032711217755041e-01,3.430507417013249627e-02,2.334065874587244553e-04,4.202493625865268319e-03,2.541764879817116629e-01,1.979289749281257444e-04,0.000000000000000000e+00,4.665092091479152714e-01
7.320000000000000000e+02,7.440000000000000000e+02,0.000000000000000000e+00,1.065013500844100349e+02,0.000000000000000000e+00,1.000000000000000000e+00,2.116119907541904297e+02,4.371383993308640692e-01,2.590262472644051073e+00,1.875477504196958023e+00,0.000000000000000000e+00,6.860032711217755041e-01,2.877818853689137479e-02,2.228080532602605261e-04,4.202493625865268319e-03,2.541764879817116629e-01,2.431021651682999400e-04,0.000000000000000000e+00,4.380559548581857143e-01
6.680000000000000000e+02,5.470000000000000000e+02,0.000000000000000000e+00,2.017853722213016567e+02,0.000000000000000000e+00,2.000000000000000000e+00,2.013576463799423948e+02,5.161444753999513413e-01,2.378734949762359552e+00,1.875477504196958023e+00,0.000000000000000000e+00,6.860032711217755041e-01,2.877818853689137479e-02,2.228080532602605261e-04,4.202493625865268319e-03,2.541764879817116629e-01,2.120686376015515156e-04,3.000000000000000000e+00,4.597525754228115602e-01
6.530000000000000000e+02,6.950000000000000000e+02,0.000000000000000000e+00,1.971600483512424375e+02,1.000000000000000000e+00,1.000000000000000000e+00,2.013576463799423948e+02,4.371383993308640692e-01,2.590262472644051073e+00,1.875477504196958023e+00,0.000000000000000000e+00,6.860032711217755041e-01,3.087487270169680248e-02,2.228080532602605261e-04,4.202493625865268319e-03,2.643700518823395851e-01,2.120686376015515156e-04,3.000000000000000000e+00,4.425974909320871120e-01
6.830000000000000000e+02,7.110000000000000000e+02,0.000000000000000000e+00,7.610275059064430536e+01,0.000000000000000000e+00,1.000000000000000000e+00,1.830524057999476213e+02,4.371383993308640692e-01,2.590262472644051073e+00,1.875477504196958023e+00,0.000000000000000000e+00,6.079397189548575442e-01,3.087487270169680248e-02,2.329986459139117333e-04,4.202493625865268319e-03,2.643700518823395851e-01,2.120686376015515156e-04,0.000000000000000000e+00,4.830106999041277049e-01
5.880000000000000000e+02,8.480000000000000000e+02,0.000000000000000000e+00,1.924082127018402559e+02,2.000000000000000000e+00,1.000000000000000000e+00,2.013576463799423948e+02,4.371383993308640692e-01,2.590262472644051073e+00,1.875477504196958023e+00,0.000000000000000000e+00,6.860032711217755041e-01,2.877818853689137479e-02,2.228080532602605261e-04,4.202493625865268319e-03,2.726416926964386200e-01,2.011321099826405873e-04,3.000000000000000000e+00,4.893764481174684988e-01
5.520000000000000000e+02,7.960000000000000000e+02,0.000000000000000000e+00,6.003486615972242646e+01,0.000000000000000000e+00,1.000000000000000000e+00,1.830524057999476213e+02,4.371383993308640692e-01,2.590262472644051073e+00,1.875477504196958023e+00,0.000000000000000000e+00,8.132155888998774396e-01,2.877818853689137479e-02,2.228080532602605261e-04,4.202493625865268319e-03,2.726416926964386200e-01,2.077417364933971410e-04,0.000000000000000000e+00,4.428298830083576831e-01
6.620000000000000000e+02,8.280000000000000000e+02,0.000000000000000000e+00,1.185934738456004283e+02,0.000000000000000000e+00,1.000000000000000000e+00,1.932701184677216872e+02,4.352586584665585900e-01,2.590262472644051073e+00,1.875477504196958023e+00,0.000000000000000000e+00,6.860032711217755041e-01,2.877818853689137479e-02,2.228080532602605261e-04,4.202493625865268319e-03,2.726416926964386200e-01,2.011321099826405873e-04,0.000000000000000000e+00,5.127927684311543999e-01
8.580000000000000000e+02,7.420000000000000000e+02,0.000000000000000000e+00,1.541686569265379489e+02,0.000000000000000000e+00,1.000000000000000000e+00,1.830524057999476213e+02,3.565333743767927777e-01,2.590262472644051073e+00,1.875477504196958023e+00,0.000000000000000000e+00,7.530330649832907008e-01,3.430507417013249627e-02,2.291811072947221657e-04,3.700158344392045096e-03,2.541764879817116629e-01,1.979289749281257444e-04,0.000000000000000000e+00,4.583905964294103796e-01
8.610000000000000000e+02,8.980000000000000000e+02,0.000000000000000000e+00,1.655713875103174075e+02,0.000000000000000000e+00,1.000000000000000000e+00,1.786730312267447687e+02,4.371383993308640692e-01,2.590262472644051073e+00,1.875477504196958023e+00,0.000000000000000000e+00,6.860032711217755041e-01,3.430507417013249627e-02,2.291811072947221657e-04,3.700158344392045096e-03,2.393074521469078786e-01,1.979289749281257444e-04,0.000000000000000000e+00,4.375532510251503027e-01
8.920000000000000000e+02,7.000000000000000000e+02,0.000000000000000000e+00,1.955514145380238347e+02,3.000000000000000000e+00,1.000000000000000000e+00,2.013576463799423948e+02,4.371383993308640692e-01,2.788215140923496982e+00,1.875477504196958023e+00,0.000000000000000000e+00,6.860032711217755041e-01,3.430507417013249627e-02,2.571350999246873096e-04,3.700158344392045096e-03,2.541764879817116629e-01,1.979289749281257444e-04,3.000000000000000000e+00,4.838985933605215450e-01
9.690000000000000000e+02,6.300000000000000000e+02,0.000000000000000000e+00,9.274450971825383760e+01,0.000000000000000000e+00,1.000000000000000000e+00,1.830524057999476213e+02,4.371383993308640692e-01,2.546907003892874055e+00,1.875477504196958023e+00,0.000000000000000000e+00,6.860032711217755041e-01,3.430507417013249627e-02,2.571350999246873096e-04,3.700158344392045096e-03,2.830275108388294880e-01,1.979289749281257444e-04,0.000000000000000000e+00,4.676506633273049829e-01
2.100000000000000000e+01,6.720000000000000000e+02,0.000000000000000000e+00,1.121437963625609484e+02,0.000000000000000000e+00,1.000000000000000000e+00,1.664112779999523752e+02,4.371383993308640692e-01,2.788215140923496982e+00,1.999109359891252602e+00,0.000000000000000000e+00,6.860032711217755041e-01,3.430507417013249627e-02,2.038874288276470385e-04,3.700158344392045096e-03,2.541764879817116629e-01,1.979289749281257444e-04,0.000000000000000000e+00,4.668569355525846731e-01
8.990000000000000000e+02,7.190000000000000000e+02,0.000000000000000000e+00,1.340282004890346741e+02,0.000000000000000000e+00,1.000000000000000000e+00,1.447825932532907700e+02,4.371383993308640692e-01,2.788215140923496982e+00,1.875477504196958023e+00,0.000000000000000000e+00,6.860032711217755041e-01,3.430507417013249627e-02,2.571350999246873096e-04,3.586196451477729162e-03,2.541764879817116629e-01,1.979289749281257444e-04,0.000000000000000000e+00,4.980026178722596342e-01
5.180000000000000000e+02,4.510000000000000000e+02,0.000000000000000000e+00,4.315294977477718703e+02,0.000000000000000000e+00,1.000000000000000000e+00,4.397485215913892489e+02,3.602649490384935427e-01,3.689588288955658157e+00,1.720172895008104108e+00,0.000000000000000000e+00,6.621737768622081299e-01,4.108728434206585650e-02,1.837338639220595393e-04,1.875624586894107529e-03,3.024603776940861799e-01,1.910833176461629399e-04,0.000000000000000000e+00,3.839593727721535288e-01
1.470000000000000000e+02,3.880000000000000000e+02,0.000000000000000000e+00,3.391930186727743717e+02,0.000000000000000000e+00,1.000000000000000000e+00,3.997713832648993275e+02,3.602649490384935427e-01,4.102339306070263092e+00,1.493157507611093671e+00,0.000000000000000000e+00,6.320990438687501545e-01,4.108728434206585650e-02,1.774646956306565732e-04,1.862497277615283693e-03,3.021974531602765190e-01,1.910833176461629399e-04,0.000000000000000000e+00,4.147419217479182407e-01
2.420000000000000000e+02,9.860000000000000000e+02,0.000000000000000000e+00,3.135668045125543699e+02,0.000000000000000000e+00,1.000000000000000000e+00,3.634285302408175653e+02,3.602649490384935427e-01,3.487289071556909370e+00,1.796765175544619453e+00,0.000000000000000000e+00,5.358966622679419700e-01,4.192292228156482836e-02,2.006049781365886310e-04,1.862497277615283693e-03,3.306037122299209652e-01,1.910833176461629399e-04,0.000000000000000000e+00,3.695220297429386846e-01
3.300000000000000000e+02,6.300000000000000000e+01,0.000000000000000000e+00,3.076291324433929617e+02,0.000000000000000000e+00,1.000000000000000000e+00,4.397485215913892489e+02,3.602649490384935427e-01,3.487289071556909370e+00,1.796765175544619453e+00,0.000000000000000000e+00,6.621737768622081299e-01,3.936311389983049303e-02,2.006049781365886310e-04,1.563845368039931986e-03,3.360979915168105792e-01,1.910833176461629399e-04,0.000000000000000000e+00,3.836842124953250277e-01
5.630000000000000000e+02,8.850000000000000000e+02,0.000000000000000000e+00,3.548369954478284285e+02,0.000000000000000000e+00,1.000000000000000000e+00,3.997713832648993275e+02,3.602649490384935427e-01,3.800675250876058620e+00,1.796765175544619453e+00,0.000000000000000000e+00,6.621737768622081299e-01,3.936311389983049303e-02,2.006049781365886310e-04,1.604536284189249113e-03,3.024603776940861799e-01,2.212697577522489264e-04,0.000000000000000000e+00,3.821595347310449142e-01
3.940000000000000000e+02,7.900000000000000000e+01,0.000000000000000000e+00,4.433552849234943096e+02,3.000000000000000000e+00,1.000000000000000000e+00,4.810585434784276799e+02,3.602649490384935427e-01,3.487289071556909370e+00,1.796765175544619453e+00,0.000000000000000000e+00,6.621737768622081299e-01,3.936311389983049303e-02,2.006049781365886310e-04,1.604536284189249113e-03,3.024603776940861799e-01,1.906363161993669783e-04,4.000000000000000000e+00,4.209528232858588126e-01
4.340000000000000000e+02,8.800000000000000000e+01,0.000000000000000000e+00,3.192510640176345049e+01,0.000000000000000000e+00,1.000000000000000000e+00,4.373259486167524415e+02,3.602649490384935427e-01,3.487289071556909370e+00,1.796765175544619453e+00,0.000000000000000000e+00,6.621737768622081299e-01,3.936311389983049303e-02,2.206973120076000724e-04,1.604536284189249113e-03,2.718461731572720530e-01,1.906363161993669783e-04,0.000000000000000000e+00,3.947741004280942434e-01
4.580000000000000000e+02,1.310000000000000000e+02,0.000000000000000000e+00,1.520527943152275725e+02,0.000000000000000000e+00,1.000000000000000000e+00,3.975690441970476741e+02,3.602649490384935427e-01,3.487289071556909370e+00,1.796765175544619453e+00,0.000000000000000000e+00,6.621737768622081299e-01,3.936311389983049303e-02,2.006049781365886310e-04,1.604536284189249113e-03,2.759042443641626097e-01,1.992472012513968392e-04,0.000000000000000000e+00,4.635343211072608938e-01
4.170000000000000000e+02,1.740000000000000000e+02,0.000000000000000000e+00,2.176975805055658384e+02,0.000000000000000000e+00,1.000000000000000000e+00,3.614264038154979062e+02,3.602649490384935427e-01,3.363909796202634528e+00,1.796765175544619453e+00,0.000000000000000000e+00,6.621737768622081299e-01,3.936311389983049303e-02,2.006049781365886310e-04,1.651461701898457876e-03,3.024603776940861799e-01,1.906363161993669783e-04,0.000000000000000000e+00,5.592174312224074129e-01
3.540000000000000000e+02,5.940000000000000000e+02,0.000000000000000000e+00,3.781108976461242719e+02,2.000000000000000000e+00,1.000000000000000000e+00,3.997713832648993275e+02,3.602649490384935427e-01,3.487289071556909370e+00,1.796765175544619453e+00,0.000000000000000000e+00,6.621737768622081299e-01,3.936311389983049303e-02,2.565350396664078090e-04,1.604536284189249113e-03,2.741751463233039199e-01,1.910833176461629399e-04,4.000000000000000000e+00,4.818195984544217936e-01
3.560000000000000000e+02,7.310000000000000000e+02,0.000000000000000000e+00,5.565961246584270583e+01,0.000000000000000000e+00,1.000000000000000000e+00,3.634285302408175653e+02,3.808541224940171221e-01,3.487289071556909370e+00,1.796765175544619453e+00,0.000000000000000000e+00,6.621737768622081299e-01,3.936311389983049303e-02,2.565350396664078090e-04,1.604536284189249113e-03,2.741751463233039199e-01,1.551041350424643640e-04,0.000000000000000000e+00,3.884438624505150983e-01
3.310000000000000000e+02,7.410000000000000000e+02,0.000000000000000000e+00,1.634466863911157475e+02,0.000000000000000000e+00,1.000000000000000000e+00,3.303895729461978021e+02,3.481430546726970165e-01,3.487289071556909370e+00,1.796765175544619453e+00,0.000000000000000000e+00,6.942018688693816220e-01,3.936311389983049303e-02,2.565350396664078090e-04,1.604536284189249113e-03,2.741751463233039199e-01,1.910833176461629399e-04,0.000000000000000000e+00,3.709708671819953452e-01
9.570000000000000000e+02,5.210000000000000000e+02,0.000000000000000000e+00,2.588938686276107433e+02,0.000000000000000000e+00,1.000000000000000000e+00,7.109578997498873605e+02,3.262369639350683470e-01,3.862563584938079497e+00,2.008334724260041781e+00,2.000000000000000000e+00,8.467948182503121091e-01,4.078255280905838942e-02,2.565350396664078090e-04,1.509755617095366121e-03,2.741751463233039199e-01,2.011133485171351517e-04,0.000000000000000000e+00,5.145543846490454598e-01
7.910000000000000000e+02,9.600000000000000000e+02,0.000000000000000000e+00,5.163063224685312207e+02,0.000000000000000000e+00,1.000000000000000000e+00,1.275123127838492110e+03,2.760393343911869413e-01,3.862563584938079497e+00,2.008334724260041781e+00,0.000000000000000000e+00,8.467948182503121091e-01,4.543604577834200325e-02,2.820294219401239463e-04,1.237303630211023919e-03,2.874537818955226753e-01,1.920017915780686030e-04,0.000000000000000000e+00,2.204510485579703527e+00
6.100000000000000000e+02,2.660000000000000000e+02,0.000000000000000000e+00,1.204031679644918995e+03,0.000000000000000000e+00,1.000000000000000000e+00,1.866247430810855349e+03,2.760393343911869413e-01,4.624982426686881531e+00,2.008334724260041781e+00,2.000000000000000000e+00,8.467948182503121091e-01,5.454984933649448253e-02,2.171981364137896776e-04,1.270322858803911610e-03,2.792867695511160320e-01,1.538084284679566325e-04,0.000000000000000000e+00,3.937704091740442891e+00
8.980000000000000000e+02,9.330000000000000000e+02,0.000000000000000000e+00,1.720025179804008985e+03,0.000000000000000000e+00,1.000000000000000000e+00,1.864228111799317503e+03,2.736192128786988920e-01,4.702169283258538002e+00,2.477776922960914785e+00,0.000000000000000000e+00,1.040230983022496281e+00,5.454984933649448253e-02,2.829575473863089365e-04,1.270322858803911610e-03,3.438492765256042083e-01,1.372375844746634248e-04,0.000000000000000000e+00,8.170311023779959214e-01
4.140000000000000000e+02,8.670000000000000000e+02,0.000000000000000000e+00,2.094940721784780635e+03,1.000000000000000000e+00,1.000000000000000000e+00,2.288092759679969276e+03,2.947737366403170300e-01,4.454864023599859557e+00,2.842141551144590661e+00,0.000000000000000000e+00,7.475019111668318450e-01,5.177958522280885073e-02,2.954592390628521742e-04,9.370172030038468637e-04,2.736483866830353717e-01,1.321137000906413839e-04,5.000000000000000000e+00,5.828370276335590461e-01
3.800000000000000000e+02,8.670000000000000000e+02,0.000000000000000000e+00,7.140604179438744836e+01,0.000000000000000000e+00,1.000000000000000000e+00,2.080084326981790127e+03,2.947737366403170300e-01,4.454864023599859557e+00,2.842141551144590661e+00,0.000000000000000000e+00,7.475019111668318450e-01,5.177958522280885073e-02,3.007638831366633608e-04,9.370172030038468637e-04,2.736483866830353717e-01,1.243663355617600141e-04,0.000000000000000000e+00,1.206655643802605482e+00
8.050000000000000000e+02,0.000000000000000000e+00,0.000000000000000000e+00,1.250982140664879807e+03,0.000000000000000000e+00,1.000000000000000000e+00,3.349996609447443461e+03,2.887906102270519915e-01,5.025706236787145897e+00,3.245346824766390803e+00,0.000000000000000000e+00,7.397895097890587746e-01,5.310329995299446076e-02,3.158520699045975566e-04,8.776451656136974831e-04,2.736483866830353717e-01,1.217575096522754128e-04,0.000000000000000000e+00,2.317886973433815001e+00
9.670000000000000000e+02,4.840000000000000000e+02,0.000000000000000000e+00,1.579865274423940491e+03,0.000000000000000000e+00,1.000000000000000000e+00,3.050792530165089829e+03,2.431593268825678611e-01,4.662310308589556307e+00,3.245346824766390803e+00,0.000000000000000000e+00,7.475019111668318450e-01,5.467961805245169504e-02,2.850649145013121541e-04,8.469928430978627618e-04,2.736483866830353717e-01,1.352985441373290309e-04,0.000000000000000000e+00,4.276863100799346284e-01
8.010000000000000000e+02,5.600000000000000000e+02,0.000000000000000000e+00,1.409689458992534355e+03,0.000000000000000000e+00,1.000000000000000000e+00,3.447707170399941788e+03,2.947737366403170300e-01,4.294542838460722933e+00,3.245346824766390803e+00,0.000000000000000000e+00,7.475019111668318450e-01,4.817657983647052888e-02,3.043241400548408484e-04,8.468152562669512386e-04,3.200961634820011503e-01,1.243663355617600141e-04,0.000000000000000000e+00,4.753465878711722326e-01
6.270000000000000000e+02,7.240000000000000000e+02,0.000000000000000000e+00,1.528506719006011053e+03,0.000000000000000000e+00,1.000000000000000000e+00,4.968691027999817379e+03,2.739564667654473262e-01,3.885937086035719634e+00,3.719412302152679928e+00,0.000000000000000000e+00,7.570789129547755847e-01,4.714651668192164358e-02,3.043241400548408484e-04,6.200728427286480906e-04,2.740395145371044006e-01,1.323537031757059069e-04,0.000000000000000000e+00,3.477207391888441634e-01
3.300000000000000000e+01,1.610000000000000000e+02,0.000000000000000000e+00,4.031660734758796025e+03,0.000000000000000000e+00,1.000000000000000000e+00,1.209158301846217182e+04,2.260296113713021748e-01,3.885937086035719634e+00,4.247073091742066708e+00,0.000000000000000000e+00,6.339727282781739692e-01,6.225958552817041636e-02,3.043241400548408484e-04,5.604990584024052008e-04,1.810143833962217785e-01,1.323537031757059069e-04,0.000000000000000000e+00,3.036389396880622371e+00
9.210000000000000000e+02,8.590000000000000000e+02,0.000000000000000000e+00,4.185947277129968825e+03,0.000000000000000000e+00,1.000000000000000000e+00,8.275266788509899925e+03,2.433879254169546702e-01,3.885937086035719634e+00,4.204794043307511942e+00,0.000000000000000000e+00,6.452980716616887324e-01,4.714651668192164358e-02,2.617232473081349637e-04,4.692753734557812825e-04,2.740395145371044006e-01,1.025723284740421486e-04,0.000000000000000000e+00,8.951750192343752133e+00
6.570000000000000000e+02,7.860000000000000000e+02,0.000000000000000000e+00,3.373812906128690429e+03,0.000000000000000000e+00,1.000000000000000000e+00,8.129964586540275377e+03,2.739564667654473262e-01,3.971757151349307957e+00,4.108385486596971781e+00,0.000000000000000000e+00,7.570789129547755847e-01,4.714651668192164358e-02,2.373525257992958404e-04,5.378507669780484366e-04,2.740395145371044006e-01,1.167233809683727478e-04,0.000000000000000000e+00,7.305692262934826431e-01
8.700000000000000000e+02,2.800000000000000000e+02,0.000000000000000000e+00,3.732652476141171519e+03,0.000000000000000000e+00,1.000000000000000000e+00,8.908959577498319049e+03,2.631344780759338198e-01,4.069184213627493385e+00,4.204794043307511942e+00,1.000000000000000000e+00,7.570789129547755847e-01,4.751285220994454911e-02,2.617232473081349637e-04,5.528424653189938434e-04,2.617128366507809334e-01,1.167233809683727478e-04,0.000000000000000000e+00,8.064739404526335420e-01
2.000000000000000000e+00,4.130000000000000000e+02,0.000000000000000000e+00,4.081785933357569775e+03,0.000000000000000000e+00,1.000000000000000000e+00,8.908959577498319049e+03,3.007755429496680177e-01,4.069184213627493385e+00,3.476499294291951259e+00,0.000000000000000000e+00,7.545407212288158805e-01,4.706013678008194590e-02,2.673728877766545320e-04,5.604990584024052008e-04,2.605441130821863349e-01,1.167233809683727478e-04,0.000000000000000000e+00,2.797394683682796312e+00
5.680000000000000000e+02,7.490000000000000000e+02,0.000000000000000000e+00,3.512927088268103034e+03,0.000000000000000000e+00,1.000000000000000000e+00,6.843759618150848837e+03,2.739564667654473262e-01,4.069184213627493385e+00,4.204794043307511942e+00,0.000000000000000000e+00,7.922317029685734813e-01,4.751285220994454911e-02,2.385032148812071373e-04,5.716799390896025890e-04,2.740395145371044006e-01,1.196514986250287821e-04,0.000000000000000000e+00,1.182647127920972707e+00
1.650000000000000000e+02,1.770000000000000000e+02,0.000000000000000000e+00,4.374130141789137269e+03,0.000000000000000000e+00,1.000000000000000000e+00,6.221599652864408199e+03,2.874717641494189957e-01,4.069184213627493385e+00,4.204794043307511942e+00,0.000000000000000000e+00,7.922317029685734813e-01,4.751285220994454911e-02,2.617232473081349637e-04,5.716799390896025890e-04,2.386136044644785181e-01,1.167233809683727478e-04,0.000000000000000000e+00,7.335011876750286319e+00
4.110000000000000000e+02,9.850000000000000000e+02,0.000000000000000000e+00,3.863002636027070366e+03,0.000000000000000000e+00,1.000000000000000000e+00,7.782749708867786467e+03,2.739564667654473262e-01,4.069184213627493385e+00,4.204794043307511942e+00,0.000000000000000000e+00,7.570789129547755847e-01,3.590938211230613325e-02,2.617232473081349637e-04,5.604990584024052008e-04,2.292537817517245613e-01,1.167233809683727478e-04,0.000000000000000000e+00,1.381986841315665515e+00
9.000000000000000000e+00,9.210000000000000000e+02,0.000000000000000000e+00,3.287667985479749859e+03,0.000000000000000000e+00,1.000000000000000000e+00,5.028875425400717177e+03,2.715717668281292241e-01,4.069184213627493385e+00,4.716747225126733944e+00,0.000000000000000000e+00,5.782460387618950648e-01,3.590938211230613325e-02,2.617232473081349637e-04,5.604990584024052008e-04,2.408829646746503128e-01,1.167233809683727478e-04,0.000000000000000000e+00,2.601277091680458398e+00
4.520000000000000000e+02,4.660000000000000000e+02,0.000000000000000000e+00,3.615993971894796687e+03,0.000000000000000000e+00,1.000000000000000000e+00,1.171591353676458675e+04,2.739564667654473262e-01,3.961012334007930402e+00,4.247073091742066708e+00,0.000000000000000000e+00,7.343961910429745998e-01,5.418951925269932524e-02,3.106259496548939764e-04,5.604990584024052008e-04,2.740395145371044006e-01,1.186809826900497172e-04,0.000000000000000000e+00,1.026986008237145143e+00
3.050000000000000000e+02,7.320000000000000000e+02,0.000000000000000000e+00,1.591581876272155569e+04,0.000000000000000000e+00,1.000000000000000000e+00,3.011594595978594953e+04,2.369427658078532561e-01,3.961012334007930402e+00,4.247073091742066708e+00,1.000000000000000000e+00,7.343961910429745998e-01,6.835542139448648469e-02,3.414958718103076841e-04,5.604990584024052008e-04,2.740395145371044006e-01,1.080878508496433289e-04,0.000000000000000000e+00,9.224805271187506150e-01
6.230000000000000000e+02,6.030000000000000000e+02,0.000000000000000000e+00,7.644436393123269227e+03,0.000000000000000000e+00,1.000000000000000000e+00,2.511410115633608802e+04,2.848631360816303859e-01,3.961012334007930402e+00,4.247073091742066708e+00,0.000000000000000000e+00,7.343961910429745998e-01,8.148162258138628988e-02,3.414958718103076841e-04,5.604990584024052008e-04,2.939296411430611378e-01,1.080878508496433289e-04,0.000000000000000000e+00,6.175448140929802321e-01
5.860000000000000000e+02,1.450000000000000000e+02,0.000000000000000000e+00,1.234296599003501979e+04,0.000000000000000000e+00,1.000000000000000000e+00,2.283100105121462548e+04,2.848631360816303859e-01,3.961012334007930402e+00,4.247073091742066708e+00,0.000000000000000000e+00,7.343961910429745998e-01,6.298184449405952456e-02,3.414958718103076841e-04,5.604990584024052008e-04,2.740395145371044006e-01,1.080878508496433289e-04,0.000000000000000000e+00,1.107528907743835589e+01
8.760000000000000000e+02,9.580000000000000000e+02,0.000000000000000000e+00,9.890525372581611009e+03,0.000000000000000000e+00,1.000000000000000000e+00,1.886859591009473297e+04,2.739564667654473262e-01,3.961012334007930402e+00,4.146813141908020306e+00,0.000000000000000000e+00,7.343961910429745998e-01,5.222530389855780525e-02,3.414958718103076841e-04,5.883094452406199479e-04,3.205648842440332325e-01,1.186809826900497172e-04,0.000000000000000000e+00,1.742313938601000700e+00
1.360000000000000000e+02,6.860000000000000000e+02,0.000000000000000000e+00,1.095727808920219832e+04,0.000000000000000000e+00,1.000000000000000000e+00,2.511410115633608802e+04,3.023663785912558688e-01,3.961012334007930402e+00,4.709710605147571449e+00,0.000000000000000000e+00,7.343961910429745998e-01,5.418951925269932524e-02,2.907406710880802323e-04,5.411345694200259690e-04,2.975200590297387704e-01,1.186809826900497172e-04,0.000000000000000000e+00,5.886246888367168140e-01
6.430000000000000000e+02,6.740000000000000000e+02,0.000000000000000000e+00,1.736149648542345312e+04,0.000000000000000000e+00,1.000000000000000000e+00,2.075545550110420663e+04,2.664767369438071354e-01,3.231583623061232480e+00,4.709710605147571449e+00,0.000000000000000000e+00,7.343961910429745998e-01,5.418951925269932524e-02,3.106259496548939764e-04,5.397810953581605236e-04,2.649155131217598158e-01,1.094704220910887999e-04,0.000000000000000000e+00,4.376708219297142932e+00
3.900000000000000000e+02,3.990000000000000000e+02,0.000000000000000000e+00,1.050086587605015666e+04,0.000000000000000000e+00,1.000000000000000000e+00,2.075545550110420663e+04,2.979439538900813811e-01,3.961012334007930402e+00,4.709710605147571449e+00,0.000000000000000000e+00,6.067040902207487818e-01,5.418951925269932524e-02,3.106259496548939764e-04,5.604990584024052008e-04,2.649155131217598158e-01,1.141775832350153927e-04,0.000000000000000000e+00,1.244228976771410089e+00
6.200000000000000000e+02,4.100000000000000000e+02,0.000000000000000000e+00,1.287461607063150223e+04,0.000000000000000000e+00,1.000000000000000000e+00,2.034219845348934905e+04,2.664767369438071354e-01,3.961012334007930402e+00,4.709710605147571449e+00,0.000000000000000000e+00,7.345429009867010528e-01,5.418951925269932524e-02,3.106259496548939764e-04,5.604990584024052008e-04,2.649155131217598158e-01,1.266032857737189323e-04,0.000000000000000000e+00,3.218508487141662044e+00
6.520000000000000000e+02,3.140000000000000000e+02,0.000000000000000000e+00,1.079839425107657553e+04,0.000000000000000000e+00,1.000000000000000000e+00,1.678515371268206945e+04,2.923784518104368679e-01,3.784962108315895080e+00,4.709710605147571449e+00,0.000000000000000000e+00,7.343961910429745998e-01,4.768026596858287308e-02,3.106259496548939764e-04,5.031635835108374611e-04,2.975200590297387704e-01,1.097150768149719610e-04,0.000000000000000000e+00,9.213557925053464714e+00
2.120000000000000000e+02,1.990000000000000000e+02,0.000000000000000000e+00,9.376071145201813124e+03,0.000000000000000000e+00,1.000000000000000000e+00,1.722889184388975264e+04,2.881381621693580031e-01,3.961012334007930402e+00,4.709710605147571449e+00,0.000000000000000000e+00,6.875379348481113206e-01,4.768026596858287308e-02,2.695362012531581975e-04,5.604990584024052008e-04,2.975200590297387704e-01,1.097150768149719610e-04,0.000000000000000000e+00,1.263419478678224550e+01
3.800000000000000000e+01,7.320000000000000000e+02,0.000000000000000000e+00,9.592055683050990410e+03,0.000000000000000000e+00,1.000000000000000000e+00,1.715326900917703097e+04,2.739564667654473262e-01,3.994870534540682527e+00,4.846526291610412152e+00,0.000000000000000000e+00,7.343961910429745998e-01,5.121016887342525609e-02,2.651240590075623908e-04,5.604990584024052008e-04,2.596973542148964809e-01,1.186809826900497172e-04,0.000000000000000000e+00,9.348470777837064816e+00
6.910000000000000000e+02,7.360000000000000000e+02,0.000000000000000000e+00,1.398142714587992123e+04,0.000000000000000000e+00,1.000000000000000000e+00,1.715326900917703097e+04,2.739564667654473262e-01,4.371776365393567509e+00,4.247073091742066708e+00,0.000000000000000000e+00,7.074884921880634225e-01,5.121016887342525609e-02,2.494227153568701061e-04,5.604990584024052008e-04,2.664266525402482766e-01,1.015755386719934607e-04,0.000000000000000000e+00,1.115720506059005857e+00
7.320000000000000000e+02,8.600000000000000000e+01,0.000000000000000000e+00,1.337419212553706893e+04,0.000000000000000000e+00,1.000000000000000000e+00,1.684792516054245789e+04,2.739564667654473262e-01,4.371776365393567509e+00,4.247073091742066708e+00,0.000000000000000000e+00,7.343961910429745998e-01,5.121016887342525609e-02,2.883179829508308216e-04,5.604990584024052008e-04,3.139690657141743779e-01,1.015755386719934607e-04,0.000000000000000000e+00,1.558935617528004514e+01
7.230000000000000000e+02,8.700000000000000000e+02,0.000000000000000000e+00,1.131671764740525396e+04,0.000000000000000000e+00,1.000000000000000000e+00,1.886859591009473297e+04,2.706596078298174612e-01,5.056483436058440084e+00,4.247073091742066708e+00,0.000000000000000000e+00,6.479113297026342089e-01,5.418951925269932524e-02,3.106259496548939764e-04,5.604990584024052008e-04,3.063427326797890649e-01,1.233448339697730447e-04,0.000000000000000000e+00,2.328012978807237232e+00
5.600000000000000000e+01,9.300000000000000000e+02,0.000000000000000000e+00,1.129094954883828177e+04,0.000000000000000000e+00,1.000000000000000000e+00,1.715326900917703097e+04,3.140207420896011237e-01,4.918984746881244874e+00,4.247073091742066708e+00,1.000000000000000000e+00,7.397917905790541981e-01,5.418951925269932524e-02,3.106259496548939764e-04,5.604990584024052008e-04,3.063427326797890649e-01,1.233448339697730447e-04,0.000000000000000000e+00,2.065612911563948728e+01
4.920000000000000000e+02,8.770000000000000000e+02,0.000000000000000000e+00,1.588606899040073949e+04,1.000000000000000000e+00,1.000000000000000000e+00,1.715326900917703097e+04,2.739564667654473262e-01,5.056483436058440084e+00,4.247073091742066708e+00,0.000000000000000000e+00,7.365693801771286964e-01,5.418951925269932524e-02,3.366981261587038391e-04,5.604990584024052008e-04,3.063427326797890649e-01,1.359727642319154544e-04,6.000000000000000000e+00,3.787362489654697129e+00
5.020000000000000000e+02,8.880000000000000000e+02,0.000000000000000000e+00,8.303397394175307227e+02,0.000000000000000000e+00,1.000000000000000000e+00,1.559388091743366567e+04,2.739564667654473262e-01,5.056483436058440084e+00,4.424292460596731758e+00,0.000000000000000000e+00,7.365693801771286964e-01,5.418951925269932524e-02,3.366981261587038391e-04,5.604990584024052008e-04,2.962976782731188141e-01,1.359727642319154544e-04,0.000000000000000000e+00,6.576147456205944763e+00
8.450000000000000000e+02,7.910000000000000000e+02,0.000000000000000000e+00,1.257288072703329817e+04,0.000000000000000000e+00,1.000000000000000000e+00,1.417625537948515012e+04,2.739564667654473262e-01,5.056483436058440084e+00,4.237396588987812684e+00,1.000000000000000000e+00,7.389951632518289015e-01,5.418951925269932524e-02,2.973888120628171024e-04,5.604990584024052008e-04,3.063427326797890649e-01,1.359727642319154544e-04,0.000000000000000000e+00,1.570255099350470118e+01
5.100000000000000000e+01,6.890000000000000000e+02,0.000000000000000000e+00,1.052735468728674277e+04,0.000000000000000000e+00,1.000000000000000000e+00,2.283100105121462548e+04,2.739564667654473262e-01,3.977696708285838767e+00,4.335073408838572284e+00,0.000000000000000000e+00,7.343961910429745998e-01,6.026727224548995843e-02,3.106259496548939764e-04,5.695100440074276531e-04,2.535451495796381405e-01,1.090304827076701047e-04,0.000000000000000000e+00,1.039765024732696475e+01
7.760000000000000000e+02,5.700000000000000000e+02,0.000000000000000000e+00,1.326062582647491399e+04,0.000000000000000000e+00,1.000000000000000000e+00,2.011465775473762187e+04,2.739564667654473262e-01,3.977696708285838767e+00,4.247073091742066708e+00,1.000000000000000000e+00,6.729357562160021011e-01,5.418951925269932524e-02,3.106259496548939764e-04,5.604990584024052008e-04,3.491987058240522135e-01,9.504011143184055955e-05,0.000000000000000000e+00,1.297846364155702759e+00
5.720000000000000000e+02,8.280000000000000000e+02,0.000000000000000000e+00,1.514516045407898127e+04,0.000000000000000000e+00,1.000000000000000000e+00,2.075545550110420663e+04,2.739564667654473262e-01,3.544310870091056831e+00,4.350227626665825298e+00,0.000000000000000000e+00,7.343961910429745998e-01,5.985778614511232110e-02,3.048166710197494395e-04,5.604990584024052008e-04,2.740395145371044006e-01,1.090304827076701047e-04,0.000000000000000000e+00,6.489998188852041494e+00
4.480000000000000000e+02,4.450000000000000000e+02,0.000000000000000000e+00,1.094089261571612042e+04,0.000000000000000000e+00,1.000000000000000000e+00,1.715326900917703097e+04,2.830266138989142588e-01,3.977696708285838767e+00,4.247073091742066708e+00,0.000000000000000000e+00,7.343961910429745998e-01,5.465395876337689196e-02,3.106259496548939764e-04,5.604990584024052008e-04,2.219204890150354992e-01,1.090304827076701047e-04,0.000000000000000000e+00,9.351589738180337008e-01
8.830000000000000000e+02,6.180000000000000000e+02,0.000000000000000000e+00,6.663854395073439264e+03,0.000000000000000000e+00,1.000000000000000000e+00,1.334101066759491550e+04,2.680706682766063054e-01,4.219695086027095421e+00,4.247073091742066708e+00,0.000000000000000000e+00,7.343961910429745998e-01,6.642407068121640445e-02,3.106259496548939764e-04,5.604990584024052008e-04,2.507461501055283648e-01,9.780596708299787328e-05,0.000000000000000000e+00,4.203273571385579999e+00
4.400000000000000000e+01,8.780000000000000000e+02,0.000000000000000000e+00,8.954120373125280821e+03,0.000000000000000000e+00,1.000000000000000000e+00,1.456035543521191539e+04,2.680706682766063054e-01,3.977696708285838767e+00,4.247073091742066708e+00,0.000000000000000000e+00,7.678937923882789285e-01,5.465395876337689196e-02,3.106259496548939764e-04,5.285770479893193508e-04,2.507461501055283648e-01,1.090304827076701047e-04,0.000000000000000000e+00,1.123418865061285032e+01
8.620000000000000000e+02,8.890000000000000000e+02,0.000000000000000000e+00,1.083287973865646745e+04,0.000000000000000000e+00,1.000000000000000000e+00,2.511410115633608802e+04,2.739564667654473262e-01,4.989624883219141438e+00,4.247073091742066708e+00,0.000000000000000000e+00,7.343961910429745998e-01,6.270745937824317995e-02,3.106259496548939764e-04,5.583227737517103663e-04,3.116555215244327659e-01,1.090304827076701047e-04,0.000000000000000000e+00,2.151847683151572710e+00
6.410000000000000000e+02,7.630000000000000000e+02,0.000000000000000000e+00,1.880916661457160808e+04,0.000000000000000000e+00,1.000000000000000000e+00,2.283100105121462548e+04,2.739564667654473262e-01,4.957503289472963814e+00,4.247073091742066708e+00,2.000000000000000000e+00,7.343961910429745998e-01,4.652527613128368267e-02,3.106259496548939764e-04,5.604990584024052008e-04,3.116555215244327659e-01,1.090304827076701047e-04,0.000000000000000000e+00,2.023906047790660523e+00
5.770000000000000000e+02,1.750000000000000000e+02,0.000000000000000000e+00,1.506450244710523293e+04,0.000000000000000000e+00,1.000000000000000000e+00,1.886859591009473297e+04,2.739564667654473262e-01,4.989624883219141438e+00,3.023454237729129801e+00,0.000000000000000000e+00,7.343961910429745998e-01,5.418951925269932524e-02,2.475051643206155685e-04,5.604990584024052008e-04,3.116555215244327659e-01,1.090304827076701047e-04,0.000000000000000000e+00,5.398767063416016754e-01
8.430000000000000000e+02,1.460000000000000000e+02,0.000000000000000000e+00,8.711375840846723804e+03,0.000000000000000000e+00,1.000000000000000000e+00,1.559388091743366567e+04,2.429694053122291031e-01,3.609452472158555469e+00,3.347351623085596195e+00,0.000000000000000000e+00,7.343961910429745998e-01,6.127995044381199380e-02,2.975287019082879770e-04,5.604990584024052008e-04,3.116555215244327659e-01,1.148476903505731413e-04,0.000000000000000000e+00,8.091857580327996402e+00
5.600000000000000000e+01,3.490000000000000000e+02,0.000000000000000000e+00,9.303814027900072688e+03,0.000000000000000000e+00,1.000000000000000000e+00,1.417625537948515012e+04,2.429694053122291031e-01,3.609452472158555469e+00,3.292996790354942416e+00,0.000000000000000000e+00,7.343961910429745998e-01,3.359906806946964114e-02,2.760200899381923950e-04,5.604990584024052008e-04,3.116555215244327659e-01,1.090304827076701047e-04,0.000000000000000000e+00,1.021340856501046801e+01
8.020000000000000000e+02,5.240000000000000000e+02,0.000000000000000000e+00,1.234147515186083183e+04,0.000000000000000000e+00,1.000000000000000000e+00,1.886859591009473297e+04,2.739564667654473262e-01,3.722708978708530569e+00,4.247073091742066708e+00,0.000000000000000000e+00,7.343961910429745998e-01,5.418951925269932524e-02,3.546273758681361943e-04,5.035470395560887871e-04,2.849888892758100645e-01,1.090304827076701047e-04,0.000000000000000000e+00,1.208381303775240667e+00
3.210000000000000000e+02,2.840000000000000000e+02,0.000000000000000000e+00,1.023598742997979207e+04,0.000000000000000000e+00,1.000000000000000000e+00,1.715326900917703097e+04,2.724608215005336342e-01,3.722708978708530569e+00,4.247073091742066708e+00,0.000000000000000000e+00,7.903752140697605233e-01,5.418951925269932524e-02,3.031388924815545853e-04,5.035470395560887871e-04,2.740395145371044006e-01,1.090304827076701047e-04,0.000000000000000000e+00,2.936706019827397540e+00
8.240000000000000000e+02,1.850000000000000000e+02,0.000000000000000000e+00,8.905878380438387467e+03,0.000000000000000000e+00,1.000000000000000000e+00,1.886859591009473297e+04,2.739564667654473262e-01,3.565591241395627442e+00,4.247073091742066708e+00,0.000000000000000000e+00,7.343961910429745998e-01,5.418951925269932524e-02,3.424985657979577472e-04,5.035470395560887871e-04,2.740395145371044006e-01,1.254128022894614126e-04,0.000000000000000000e+00,1.655402370892261388e+00
4.190000000000000000e+02,2.950000000000000000e+02,0.000000000000000000e+00,1.146728290017785366e+04,0.000000000000000000e+00,1.000000000000000000e+00,1.715326900917703097e+04,2.406401964857247389e-01,3.977696708285838767e+00,4.247073091742066708e+00,0.000000000000000000e+00,7.343961910429745998e-01,5.828633684047876407e-02,3.106259496548939764e-04,5.035470395560887871e-04,2.740395145371044006e-01,1.015185480593975604e-04,0.000000000000000000e+00,2.020365114440210164e+00
5.140000000000000000e+02,4.930000000000000000e+02,0.000000000000000000e+00,1.560897526665701480e+04,0.000000000000000000e+00,1.000000000000000000e+00,2.075545550110420663e+04,2.739564667654473262e-01,3.977696708285838767e+00,4.247073091742066708e+00,1.000000000000000000e+00,7.343961910429745998e-01,5.912884275361890429e-02,2.691372877100748620e-04,4.938242005438855551e-04,2.624316654967916995e-01,1.090304827076701047e-04,0.000000000000000000e+00,7.802681634388136445e+00
2.260000000000000000e+02,3.990000000000000000e+02,0.000000000000000000e+00,9.016176612270875921e+03,0.000000000000000000e+00,1.000000000000000000e+00,1.367840781787861124e+04,2.739564667654473262e-01,3.977696708285838767e+00,4.247073091742066708e+00,0.000000000000000000e+00,7.343961910429745998e-01,5.738091310720561805e-02,3.301505071272755861e-04,5.035470395560887871e-04,2.624316654967916995e-01,1.090304827076701047e-04,0.000000000000000000e+00,6.921214174326451030e-01
3.330000000000000000e+02,6.840000000000000000e+02,0.000000000000000000e+00,1.234497022972878403e+04,0.000000000000000000e+00,1.000000000000000000e+00,1.417625537948515012e+04,2.895534619321137870e-01,3.977696708285838767e+00,4.446988359027664650e+00,0.000000000000000000e+00,7.343961910429745998e-01,6.331655193968475925e-02,3.106259496548939764e-04,5.035470395560887871e-04,2.662752453003488506e-01,1.090304827076701047e-04,0.000000000000000000e+00,4.593615086205318221e+00
1.710000000000000000e+02,7.690000000000000000e+02,0.000000000000000000e+00,9.564331858885241672e+03,0.000000000000000000e+00,1.000000000000000000e+00,1.559388091743366567e+04,2.620970032842419584e-01,3.977696708285838767e+00,3.533469560935477372e+00,0.000000000000000000e+00,7.258546329512937101e-01,5.912884275361890429e-02,3.106259496548939764e-04,5.035470395560887871e-04,2.624316654967916995e-01,1.092435044751521742e-04,0.000000000000000000e+00,1.879137964477195055e+00
3.200000000000000000e+01,5.080000000000000000e+02,0.000000000000000000e+00,9.127267518681854199e+03,0.000000000000000000e+00,1.000000000000000000e+00,1.417625537948515012e+04,2.620970032842419584e-01,3.977696708285838767e+00,4.465452865739856669e+00,0.000000000000000000e+00,7.258546329512937101e-01,5.949384941697565682e-02,3.106259496548939764e-04,5.035470395560887871e-04,2.624316654967916995e-01,1.090304827076701047e-04,0.000000000000000000e+00,4.281731199364003260e+00
9.900000000000000000e+01,4.860000000000000000e+02,0.000000000000000000e+00,9.548647531909127792e+03,0.000000000000000000e+00,1.000000000000000000e+00,1.288750489044104506e+04,2.677761047057837240e-01,3.977696708285838767e+00,4.247073091742066708e+00,0.000000000000000000e+00,7.258546329512937101e-01,5.912884275361890429e-02,3.064597952535376381e-04,5.035470395560887871e-04,2.624316654967916995e-01,1.090304827076701047e-04,0.000000000000000000e+00,1.654347631036216626e+00
9.750000000000000000e+02,9.120000000000000000e+02,0.000000000000000000e+00,1.270979099780034267e+04,0.000000000000000000e+00,1.000000000000000000e+00,1.981968049910198533e+04,2.677761047057837240e-01,3.546052110531478174e+00,4.285182387314566910e+00,0.000000000000000000e+00,7.258546329512937101e-01,5.912884275361890429e-02,3.044749538267513592e-04,5.035470395560887871e-04,2.343814016441194692e-01,1.090304827076701047e-04,0.000000000000000000e+00,2.821641098376858281e+00
1.500000000000000000e+01,6.300000000000000000e+02,0.000000000000000000e+00,1.226641927837916955e+04,0.000000000000000000e+00,1.000000000000000000e+00,1.489081930811569146e+04,2.677761047057837240e-01,3.486414525110013152e+00,4.285182387314566910e+00,0.000000000000000000e+00,7.258546329512937101e-01,5.912884275361890429e-02,3.015931992530426244e-04,5.035470395560887871e-04,2.624316654967916995e-01,1.159774812491781400e-04,0.000000000000000000e+00,1.572235784002259606e+00
4.100000000000000000e+01,7.340000000000000000e+02,0.000000000000000000e+00,1.240527395203863125e+04,0.000000000000000000e+00,1.000000000000000000e+00,2.075545550110420663e+04,2.465556860694718688e-01,3.994451359634751508e+00,4.247073091742066708e+00,0.000000000000000000e+00,7.258546329512937101e-01,5.719935944996271115e-02,3.147517843979825980e-04,5.035470395560887871e-04,2.895672169161927489e-01,1.001647095433446912e-04,0.000000000000000000e+00,4.377845205381163396e-01
8.260000000000000000e+02,4.860000000000000000e+02,0.000000000000000000e+00,1.205508420158944318e+04,0.000000000000000000e+00,1.000000000000000000e+00,2.283100105121462548e+04,2.677761047057837240e-01,3.994451359634751508e+00,4.247073091742066708e+00,0.000000000000000000e+00,6.902768240508978526e-01,6.266727842654712388e-02,3.147517843979825980e-04,5.035470395560887871e-04,2.681162319988789067e-01,9.107930563536068859e-05,0.000000000000000000e+00,2.424324887961120112e+00
7.460000000000000000e+02,2.620000000000000000e+02,0.000000000000000000e+00,1.358270068209535020e+04,0.000000000000000000e+00,1.000000000000000000e+00,1.886345127395710006e+04,3.025390620975488276e-01,3.994451359634751508e+00,4.247073091742066708e+00,0.000000000000000000e+00,7.258546329512937101e-01,5.719935944996271115e-02,3.147517843979825980e-04,5.035470395560887871e-04,2.681162319988789067e-01,9.107930563536068859e-05,0.000000000000000000e+00,1.794955812896660063e+00
6.540000000000000000e+02,1.270000000000000000e+02,0.000000000000000000e+00,8.880060466086239103e+03,0.000000000000000000e+00,1.000000000000000000e+00,2.075545550110420663e+04,2.677761047057837240e-01,3.994451359634751508e+00,4.059902705229920805e+00,0.000000000000000000e+00,7.258546329512937101e-01,5.718902303545785742e-02,3.717388657082537650e-04,4.698533561895713840e-04,2.679892588882055171e-01,1.014760197250641000e-04,0.000000000000000000e+00,4.597631347933202051e-01
7.670000000000000000e+02,4.430000000000000000e+02,0.000000000000000000e+00,1.179703027194078459e+04,0.000000000000000000e+00,1.000000000000000000e+00,1.886859591009473297e+04,2.397528720517609069e-01,3.994451359634751508e+00,4.059902705229920805e+00,0.000000000000000000e+00,7.258546329512937101e-01,5.718902303545785742e-02,3.878026239766808967e-04,4.698533561895713840e-04,2.624316654967916995e-01,9.224216120149264053e-05,0.000000000000000000e+00,2.513601712242234498e+00
8.940000000000000000e+02,3.780000000000000000e+02,0.000000000000000000e+00,1.319480071081488313e+04,0.000000000000000000e+00,1.000000000000000000e+00,1.715326900917703097e+04,2.677761047057837240e-01,3.994451359634751508e+00,4.059902705229920805e+00,1.000000000000000000e+00,7.851528235355843544e-01,5.718902303545785742e-02,3.717388657082537650e-04,4.698533561895713840e-04,2.624316654967916995e-01,9.118398387201900965e-05,0.000000000000000000e+00,1.840995242642384255e+01
2.880000000000000000e+02,9.280000000000000000e+02,0.000000000000000000e+00,1.278746739959255137e+04,0.000000000000000000e+00,1.000000000000000000e+00,2.075545550110420663e+04,2.677761047057837240e-01,3.205004123116471870e+00,4.247073091742066708e+00,0.000000000000000000e+00,6.794200689125711179e-01,6.488352867112950895e-02,3.064597952535376381e-04,4.133809674124413634e-04,2.363871657102953883e-01,1.077028549809865281e-04,0.000000000000000000e+00,6.011470742741948925e-01
3.320000000000000000e+02,6.090000000000000000e+02,0.000000000000000000e+00,1.671923120076573468e+04,0.000000000000000000e+00,1.000000000000000000e+00,1.886859591009473297e+04,2.677761047057837240e-01,4.693289493594735795e+00,4.247073091742066708e+00,1.000000000000000000e+00,6.794200689125711179e-01,5.912884275361890429e-02,3.064597952535376381e-04,4.062591316929387410e-04,2.363871657102953883e-01,1.077028549809865281e-04,0.000000000000000000e+00,1.442654136171040591e+01
3.670000000000000000e+02,5.800000000000000000e+01,0.000000000000000000e+00,1.293483877879390820e+04,0.000000000000000000e+00,1.000000000000000000e+00,2.075545550110420663e+04,2.677761047057837240e-01,4.330799069928286116e+00,4.247073091742066708e+00,0.000000000000000000e+00,6.794200689125711179e-01,5.842529494063095075e-02,3.064597952535376381e-04,5.048552117684591226e-04,2.363871657102953883e-01,9.231914017798973477e-05,0.000000000000000000e+00,1.549280013954557944e+00
3.800000000000000000e+01,1.190000000000000000e+02,0.000000000000000000e+00,1.081435815201073456e+04,0.000000000000000000e+00,1.000000000000000000e+00,2.283100105121462548e+04,2.677761047057837240e-01,3.977696708285838767e+00,4.798677563989899753e+00,0.000000000000000000e+00,6.794200689125711179e-01,7.093717653560943637e-02,3.101695585141397808e-04,5.957395107184773522e-04,2.363871657102953883e-01,1.090304827076701047e-04,0.000000000000000000e+00,1.281635368333445513e+01
4.540000000000000000e+02,1.640000000000000000e+02,0.000000000000000000e+00,1.116917928513027800e+04,0.000000000000000000e+00,1.000000000000000000e+00,2.283100105121462548e+04,2.677761047057837240e-01,3.977696708285838767e+00,4.572313643057866805e+00,0.000000000000000000e+00,5.677530665332813919e-01,6.435294553181611366e-02,3.064597952535376381e-04,5.957395107184773522e-04,2.363871657102953883e-01,1.090304827076701047e-04,0.000000000000000000e+00,1.623810275457799435e+00
3.450000000000000000e+02,3.330000000000000000e+02,0.000000000000000000e+00,1.237533996381112593e+04,0.000000000000000000e+00,1.000000000000000000e+00,2.283100105121462548e+04,2.677761047057837240e-01,3.977696708285838767e+00,4.185467844483994782e+00,0.000000000000000000e+00,7.302734273700954848e-01,7.430282669839990972e-02,3.064597952535376381e-04,5.957395107184773522e-04,2.363871657102953883e-01,1.090304827076701047e-04,0.000000000000000000e+00,2.171236936686909758e+00
1.040000000000000000e+02,3.940000000000000000e+02,0.000000000000000000e+00,8.944888722493207752e+03,0.000000000000000000e+00,1.000000000000000000e+00,1.699014548287367506e+04,2.677761047057837240e-01,3.977696708285838767e+00,4.250644854222971780e+00,0.000000000000000000e+00,6.032148262922045756e-01,6.405966291440523541e-02,3.064597952535376381e-04,5.957395107184773522e-04,2.363871657102953883e-01,1.376605719004440551e-04,0.000000000000000000e+00,6.116014078834268730e-01
6.860000000000000000e+02,4.890000000000000000e+02,0.000000000000000000e+00,1.065760564517774219e+04,0.000000000000000000e+00,1.000000000000000000e+00,1.715326900917703097e+04,2.677761047057837240e-01,3.977696708285838767e+00,4.247073091742066708e+00,0.000000000000000000e+00,5.826129543865121718e-01,6.405966291440523541e-02,3.064597952535376381e-04,5.957395107184773522e-04,2.363871657102953883e-01,1.376605719004440551e-04,0.000000000000000000e+00,8.630595762097073020e+00
5.000000000000000000e+02,6.210000000000000000e+02,0.000000000000000000e+00,8.535163755810637667e+03,0.000000000000000000e+00,1.000000000000000000e+00,1.886859591009473297e+04,2.841503983692277302e-01,3.977696708285838767e+00,3.998731260458934234e+00,0.000000000000000000e+00,6.735594556382079601e-01,6.435294553181611366e-02,3.064597952535376381e-04,5.198372514455266080e-04,2.363871657102953883e-01,1.090304827076701047e-04,0.000000000000000000e+00,1.640260626412782585e+00
2.020000000000000000e+02,4.600000000000000000e+02,0.000000000000000000e+00,1.441940354394702808e+04,0.000000000000000000e+00,1.000000000000000000e+00,1.715326900917703097e+04,2.677761047057837240e-01,3.977696708285838767e+00,4.329662136840767062e+00,0.000000000000000000e+00,6.735594556382079601e-01,6.857438896959469621e-02,3.064597952535376381e-04,5.198372514455266080e-04,2.363871657102953883e-01,1.090304827076701047e-04,0.000000000000000000e+00,1.450120064372458728e+01
9.080000000000000000e+02,3.020000000000000000e+02,0.000000000000000000e+00,1.128735454303768165e+04,0.000000000000000000e+00,1.000000000000000000e+00,1.715326900917703097e+04,2.677761047057837240e-01,3.977696708285838767e+00,4.011710883139071093e+00,0.000000000000000000e+00,6.794200689125711179e-01,5.836438343866198752e-02,3.064597952535376381e-04,6.017731641668723703e-04,2.417196922050122987e-01,1.126305960480334235e-04,0.000000000000000000e+00,2.348999973128229612e+00
9.400000000000000000e+01,6.600000000000000000e+02,0.000000000000000000e+00,1.054115258255182380e+04,0.000000000000000000e+00,1.000000000000000000e+00,1.559388091743366567e+04,2.677761047057837240e-01,3.977696708285838767e+00,4.011710883139071093e+00,0.000000000000000000e+00,6.794200689125711179e-01,6.107062253594976869e-02,3.064597952535376381e-04,6.017731641668723703e-04,2.335901457056932529e-01,1.159618677854482054e-04,0.000000000000000000e+00,6.569391566463309573e+00
2.070000000000000000e+02,1.470000000000000000e+02,0.000000000000000000e+00,1.351804601798065050e+04,0.000000000000000000e+00,1.000000000000000000e+00,2.762551127196969901e+04,2.677761047057837240e-01,3.977696708285838767e+00,4.247073091742066708e+00,0.000000000000000000e+00,6.830927783400502218e-01,5.912884275361890429e-02,3.064597952535376381e-04,5.035470395560887871e-04,2.201698657704251327e-01,1.073500654233997643e-04,0.000000000000000000e+00,1.532402393251686590e+00
2.600000000000000000e+02,3.190000000000000000e+02,0.000000000000000000e+00,1.469386355830814136e+04,0.000000000000000000e+00,1.000000000000000000e+00,2.075545550110420663e+04,2.639717110736758965e-01,3.977696708285838767e+00,4.247073091742066708e+00,0.000000000000000000e+00,6.589707608226427205e-01,5.912884275361890429e-02,3.064597952535376381e-04,5.160338933616959774e-04,1.952402862308213194e-01,1.073500654233997643e-04,0.000000000000000000e+00,1.010431934928783448e+01
7.840000000000000000e+02,8.710000000000000000e+02,0.000000000000000000e+00,8.885344879034359110e+03,0.000000000000000000e+00,1.000000000000000000e+00,2.283100105121462548e+04,2.666029501882879460e-01,3.977696708285838767e+00,4.247073091742066708e+00,0.000000000000000000e+00,6.794200689125711179e-01,5.416733799259482174e-02,3.194924416671858394e-04,5.477212781707008118e-04,2.201698657704251327e-01,1.073500654233997643e-04,0.000000000000000000e+00,5.431170305746491067e-01
1.110000000000000000e+02,2.030000000000000000e+02,0.000000000000000000e+00,1.181980433382767842e+04,0.000000000000000000e+00,1.000000000000000000e+00,2.184878819649183788e+04,2.677761047057837240e-01,4.366695510299849481e+00,4.247073091742066708e+00,0.000000000000000000e+00,6.794200689125711179e-01,5.912884275361890429e-02,2.675161932841657229e-04,5.035470395560887871e-04,2.040026136541625845e-01,1.073500654233997643e-04,0.000000000000000000e+00,6.636351003398885950e-01
1.700000000000000000e+01,3.030000000000000000e+02,0.000000000000000000e+00,1.529884796910369187e+04,0.000000000000000000e+00,1.000000000000000000e+00,1.886859591009473297e+04,2.706957013678850110e-01,4.366695510299849481e+00,4.247073091742066708e+00,0.000000000000000000e+00,6.794200689125711179e-01,5.912884275361890429e-02,2.675161932841657229e-04,5.035470395560887871e-04,2.201698657704251327e-01,8.909534493628447783e-05,0.000000000000000000e+00,2.337711728312569903e+00
1.820000000000000000e+02,6.960000000000000000e+02,0.000000000000000000e+00,1.129842854929616260e+04,0.000000000000000000e+00,1.000000000000000000e+00,1.715326900917703097e+04,2.677761047057837240e-01,3.977696708285838767e+00,3.708492239818695246e+00,1.000000000000000000e+00,6.794200689125711179e-01,5.912884275361890429e-02,3.303079255397874505e-04,5.619898216461076401e-04,2.201698657704251327e-01,1.073500654233997643e-04,0.000000000000000000e+00,1.451283536087430548e+00
9.470000000000000000e+02,2.590000000000000000e+02,0.000000000000000000e+00,1.253189598712754014e+04,0.000000000000000000e+00,1.000000000000000000e+00,2.075545550110420663e+04,2.677761047057837240e-01,3.718062881405679754e+00,4.898910106814262200e+00,0.000000000000000000e+00,7.064418333976691944e-01,5.912884275361890429e-02,3.064597952535376381e-04,5.035470395560887871e-04,2.029703844913350874e-01,1.073500654233997643e-04,0.000000000000000000e+00,1.125071045466029318e+00
7.180000000000000000e+02,1.290000000000000000e+02,0.000000000000000000e+00,1.254612292768755469e+04,0.000000000000000000e+00,1.000000000000000000e+00,1.722458623508444725e+04,2.677761047057837240e-01,3.707348971328795706e+00,4.247073091742066708e+00,0.000000000000000000e+00,6.531993455639985013e-01,5.912884275361890429e-02,3.064597952535376381e-04,5.035470395560887871e-04,2.201698657704251327e-01,1.073500654233997643e-04,0.000000000000000000e+00,4.408648547560005682e+00
1.700000000000000000e+02,8.790000000000000000e+02,0.000000000000000000e+00,1.065279222611658406e+04,0.000000000000000000e+00,1.000000000000000000e+00,1.610092129489173931e+04,2.804013742919880814e-01,3.718062881405679754e+00,4.247073091742066708e+00,0.000000000000000000e+00,6.531993455639985013e-01,5.912884275361890429e-02,3.064597952535376381e-04,5.035470395560887871e-04,2.201698657704251327e-01,1.073500654233997643e-04,0.000000000000000000e+00,3.537739911378594115e+00
8.220000000000000000e+02,1.180000000000000000e+02,0.000000000000000000e+00,1.179897222648602110e+04,0.000000000000000000e+00,1.000000000000000000e+00,1.468765301370222733e+04,2.677761047057837240e-01,3.718062881405679754e+00,4.247073091742066708e+00,0.000000000000000000e+00,5.947640724432418091e-01,5.593349793345701870e-02,3.064597952535376381e-04,5.035470395560887871e-04,2.201698657704251327e-01,1.073500654233997643e-04,0.000000000000000000e+00,4.546035109600779833e+00
1.800000000000000000e+01,2.200000000000000000e+02,0.000000000000000000e+00,4.713582380789343006e+03,0.000000000000000000e+00,1.000000000000000000e+00,1.615641831507244933e+04,2.677761047057837240e-01,3.718062881405679754e+00,4.247073091742066708e+00,0.000000000000000000e+00,6.531993455639985013e-01,5.912884275361890429e-02,3.044148284324568873e-04,5.211709823921592110e-04,1.796592995969359119e-01,1.073500654233997643e-04,0.000000000000000000e+00,1.365604504899238236e+00
2.060000000000000000e+02,4.330000000000000000e+02,0.000000000000000000e+00,9.264417713045797427e+03,0.000000000000000000e+00,1.000000000000000000e+00,1.468765301370222733e+04,2.677761047057837240e-01,3.718062881405679754e+00,4.247073091742066708e+00,0.000000000000000000e+00,5.578660879659682603e-01,5.241411239463628080e-02,3.272454842290287158e-04,5.211709823921592110e-04,2.201698657704251327e-01,1.073500654233997643e-04,0.000000000000000000e+00,3.832702095638524042e+00
1.990000000000000000e+02,1.270000000000000000e+02,0.000000000000000000e+00,8.718670995645437870e+03,0.000000000000000000e+00,1.000000000000000000e+00,1.378596832406049725e+04,2.677761047057837240e-01,3.718062881405679754e+00,4.247073091742066708e+00,0.000000000000000000e+00,6.531993455639985013e-01,5.912884275361890429e-02,3.272454842290287158e-04,5.211709823921592110e-04,2.201698657704251327e-01,1.043164231770151400e-04,0.000000000000000000e+00,1.766857222693943186e+01
6.900000000000000000e+01,3.840000000000000000e+02,0.000000000000000000e+00,9.584606809647861155e+03,0.000000000000000000e+00,1.000000000000000000e+00,1.762621224804680605e+04,2.256802307540769215e-01,3.718062881405679754e+00,4.247073091742066708e+00,0.000000000000000000e+00,6.529951475853117415e-01,5.912884275361890429e-02,3.064597952535376381e-04,5.107620533767875818e-04,2.201698657704251327e-01,1.073500654233997643e-04,0.000000000000000000e+00,1.382761419747112086e+00
9.660000000000000000e+02,6.000000000000000000e+01,0.000000000000000000e+00,1.056123377874999096e+04,0.000000000000000000e+00,1.000000000000000000e+00,1.886859591009473297e+04,2.256802307540769215e-01,3.718062881405679754e+00,4.247073091742066708e+00,0.000000000000000000e+00,6.529951475853117415e-01,5.912884275361890429e-02,3.162780674055352243e-04,5.449901255500926456e-04,2.201698657704251327e-01,1.073500654233997643e-04,0.000000000000000000e+00,2.141914157513383543e+00
9.200000000000000000e+01,2.600000000000000000e+01,0.000000000000000000e+00,1.168060007177764055e+04,0.000000000000000000e+00,1.000000000000000000e+00,1.715326900917703097e+04,2.256802307540769215e-01,4.153754689905556852e+00,3.702484307278188336e+00,0.000000000000000000e+00,6.529951475853117415e-01,5.912884275361890429e-02,3.064597952535376381e-04,5.035470395560887871e-04,2.201698657704251327e-01,1.073500654233997643e-04,0.000000000000000000e+00,6.324498862111795461e+00
1.080000000000000000e+02,4.690000000000000000e+02,0.000000000000000000e+00,1.485315045138308233e+04,0.000000000000000000e+00,1.000000000000000000e+00,1.559388091743366567e+04,2.104825358404033286e-01,3.718062881405679754e+00,4.247073091742066708e+00,1.000000000000000000e+00,6.529951475853117415e-01,5.912884275361890429e-02,3.064597952535376381e-04,5.035470395560887871e-04,2.261144623350080096e-01,1.073500654233997643e-04,0.000000000000000000e+00,1.620224096772471967e+01
7.050000000000000000e+02,7.170000000000000000e+02,0.000000000000000000e+00,6.180496000027551418e+03,0.000000000000000000e+00,1.000000000000000000e+00,1.559388091743366567e+04,2.895705318723416077e-01,3.718062881405679754e+00,4.247073091742066708e+00,0.000000000000000000e+00,7.064418333976691944e-01,5.912884275361890429e-02,3.064597952535376381e-04,4.619785831608042470e-04,2.201698657704251327e-01,1.073500654233997643e-04,0.000000000000000000e+00,9.300419818046066212e-01
9.470000000000000000e+02,2.660000000000000000e+02,0.000000000000000000e+00,1.087850635977040656e+04,0.000000000000000000e+00,1.000000000000000000e+00,1.417625537948515012e+04,2.933079139613501418e-01,3.718062881405679754e+00,4.177508592210220861e+00,0.000000000000000000e+00,7.064418333976691944e-01,5.912884275361890429e-02,3.064597952535376381e-04,4.259247643786344948e-04,2.201698657704251327e-01,1.073500654233997643e-04,0.000000000000000000e+00,4.289138414505941910e+00
8.200000000000000000e+02,5.200000000000000000e+01,0.000000000000000000e+00,1.281578150451418878e+04,0.000000000000000000e+00,1.000000000000000000e+00,2.675560550869124199e+04,2.677761047057837240e-01,3.977696708285838767e+00,4.247073091742066708e+00,1.000000000000000000e+00,7.258546329512937101e-01,4.000872809370386446e-02,3.064597952535376381e-04,5.039073777703520539e-04,2.523844049446247739e-01,8.119511151085455716e-05,0.000000000000000000e+00,2.911623266303649871e+00
9.670000000000000000e+02,6.520000000000000000e+02,0.000000000000000000e+00,1.305387115022227408e+04,0.000000000000000000e+00,1.000000000000000000e+00,2.279167281555256704e+04,2.001141301047469068e-01,3.946073706145745597e+00,4.247073091742066708e+00,0.000000000000000000e+00,7.321946638827878662e-01,5.912884275361890429e-02,3.064597952535376381e-04,5.408798237013292274e-04,2.624316654967916995e-01,8.119511151085455716e-05,0.000000000000000000e+00,1.042005030528525822e+01
7.140000000000000000e+02,1.690000000000000000e+02,0.000000000000000000e+00,1.239432388174851621e+04,0.000000000000000000e+00,1.000000000000000000e+00,2.010188242576351695e+04,2.677761047057837240e-01,3.977696708285838767e+00,3.968880496578274020e+00,1.000000000000000000e+00,7.976963626356371462e-01,6.675971365521056466e-02,3.064597952535376381e-04,5.333019011330676021e-04,2.733949159023473241e-01,8.119511151085455716e-05,0.000000000000000000e+00,3.871019785296084592e+00
6.450000000000000000e+02,2.940000000000000000e+02,0.000000000000000000e+00,9.296492094984616415e+03,0.000000000000000000e+00,1.000000000000000000e+00,1.633434571613267144e+04,2.677761047057837240e-01,3.977696708285838767e+00,3.968880496578274020e+00,0.000000000000000000e+00,7.258546329512937101e-01,5.912884275361890429e-02,2.991656103361046266e-04,5.333019011330676021e-04,2.827282914373027700e-01,7.319665209586121780e-05,0.000000000000000000e+00,7.576203701655686018e+00
7.390000000000000000e+02,5.250000000000000000e+02,0.000000000000000000e+00,1.188873072092471557e+04,0.000000000000000000e+00,1.000000000000000000e+00,2.010188242576351695e+04,3.000793696677420686e-01,3.977696708285838767e+00,4.247073091742066708e+00,0.000000000000000000e+00,6.645430921688266768e-01,5.912884275361890429e-02,2.230229233558146532e-04,5.035470395560887871e-04,2.688388985103019047e-01,6.314451360315446267e-05,0.000000000000000000e+00,1.735699803699390031e+00
6.780000000000000000e+02,3.590000000000000000e+02,0.000000000000000000e+00,1.528277539763579807e+04,0.000000000000000000e+00,1.000000000000000000e+00,1.827443856887592483e+04,2.880813663991373952e-01,3.977696708285838767e+00,4.247073091742066708e+00,0.000000000000000000e+00,6.645430921688266768e-01,5.912884275361890429e-02,2.230229233558146532e-04,5.035470395560887871e-04,2.688388985103019047e-01,8.119511151085455716e-05,0.000000000000000000e+00,1.714417471102933632e+00
6.730000000000000000e+02,6.240000000000000000e+02,0.000000000000000000e+00,6.745506462856861617e+03,0.000000000000000000e+00,1.000000000000000000e+00,1.661312597170538720e+04,2.639935883545469486e-01,4.856865010686571615e+00,4.247073091742066708e+00,0.000000000000000000e+00,6.645430921688266768e-01,5.912884275361890429e-02,2.230229233558146532e-04,4.780176252860312463e-04,2.688388985103019047e-01,9.234204913526960167e-05,0.000000000000000000e+00,4.557551633923139889e+00
5.060000000000000000e+02,2.580000000000000000e+02,0.000000000000000000e+00,9.508964428210287224e+03,0.000000000000000000e+00,1.000000000000000000e+00,1.739028530126536134e+04,2.480921097471862624e-01,4.103238621217199622e+00,4.247073091742066708e+00,0.000000000000000000e+00,6.645430921688266768e-01,5.912884275361890429e-02,3.064597952535376381e-04,5.035470395560887871e-04,2.791623837588587120e-01,8.119511151085455716e-05,0.000000000000000000e+00,7.467875798611203209e-01
5.460000000000000000e+02,9.680000000000000000e+02,0.000000000000000000e+00,1.153823929533675255e+04,0.000000000000000000e+00,1.000000000000000000e+00,1.580935027387760238e+04,2.677761047057837240e-01,4.103238621217199622e+00,4.247073091742066708e+00,0.000000000000000000e+00,6.583318006700257241e-01,5.912884275361890429e-02,3.806062232138421797e-04,5.035470395560887871e-04,2.688388985103019047e-01,8.119511151085455716e-05,0.000000000000000000e+00,5.343568778107510298e+00
